{
  "formatVersion": 1,
  "database": {
    "version": 1,
    "identityHash": "d1e89f7d7a898bb624f8f304a40061d9",
    "entities": [
      {
        "tableName": "watched_movies",
        "createSql": "CREATE TABLE IF NOT EXISTS `${TABLE_NAME}` (`id` INTEGER NOT NULL, `providerId` INTEGER NOT NULL, `userName` TEXT NOT NULL, PRIMARY KEY(`id`, `providerId`, `userName`))",
        "fields": [
          {
            "fieldPath": "id",
            "columnName": "id",
            "affinity": "INTEGER",
            "notNull": true
          },
          {
            "fieldPath": "providerId",
            "columnName": "providerId",
            "affinity": "INTEGER",
            "notNull": true
          },
          {
            "fieldPath": "userName",
            "columnName": "userName",
            "affinity": "TEXT",
            "notNull": true
          }
        ],
        "primaryKey": {
          "autoGenerate": false,
          "columnNames": [
            "id",
            "providerId",
            "userName"
          ]
        },
        "indices": [],
        "foreignKeys": []
      }
    ],
    "views": [],
    "setupQueries": [
      "CREATE TABLE IF NOT EXISTS room_master_table (id INTEGER PRIMARY KEY,identity_hash TEXT)",
      "INSERT OR REPLACE INTO room_master_table (id,identity_hash) VALUES(42, 'd1e89f7d7a898bb624f8f304a40061d9')"
    ]
  }
}